PLAYER_ID,PLAYER_NAME,NICKNAME,TEAM_ID,TEAM_ABBREVIATION,AGE,GP,W,L,W_PCT,MIN,USG_PCT,PCT_FGM,PCT_FGA,PCT_FG3M,PCT_FG3A,PCT_FTM,PCT_FTA,PCT_OREB,PCT_DREB,PCT_REB,PCT_AST,PCT_TOV,PCT_STL,PCT_BLK,PCT_BLKA,PCT_PF,PCT_PFD,PCT_PTS,MIN_AVG
1627777,Georges Niang,Georges,1610612737,ATL,32.0,79,55,24,0.696,1697.0,0.177,0.184,0.194,0.295,0.278,0.072,0.07,0.127,0.196,0.179,0.109,0.185,0.103,0.093,0.145,0.285,0.087,0.182,21.481012658227847
1630700,Dyson Daniels,Dyson,1610612737,ATL,22.0,76,37,39,0.487,2571.0,0.178,0.192,0.186,0.114,0.122,0.094,0.121,0.185,0.189,0.188,0.208,0.185,0.41,0.201,0.164,0.18,0.137,0.17,33.828947368421055
1629027,Trae Young,Trae,1610612737,ATL,26.0,76,36,40,0.474,2739.0,0.285,0.225,0.261,0.278,0.298,0.435,0.39,0.052,0.11,0.094,0.516,0.411,0.163,0.041,0.221,0.132,0.366,0.265,36.03947368421053
1642258,Zaccharie Risacher,Zaccharie,1610612737,ATL,20.0,75,38,37,0.507,1843.0,0.203,0.208,0.219,0.236,0.246,0.191,0.201,0.183,0.147,0.157,0.078,0.148,0.131,0.189,0.261,0.204,0.167,0.209,24.573333333333334
1630168,Onyeka Okongwu,Onyeka,1610612737,ATL,24.0,74,35,39,0.473,2064.0,0.169,0.207,0.175,0.081,0.092,0.202,0.21,0.435,0.319,0.35,0.132,0.135,0.158,0.308,0.237,0.233,0.203,0.192,27.89189189189189
1629611,Terance Mann,Terance,1610612737,ATL,28.0,67,37,30,0.552,1414.0,0.145,0.167,0.158,0.158,0.15,0.096,0.11,0.193,0.142,0.156,0.154,0.109,0.194,0.106,0.212,0.204,0.125,0.155,21.104477611940297
1627747,Caris LeVert,Caris,1610612737,ATL,30.0,64,46,18,0.719,1596.0,0.191,0.188,0.2,0.205,0.213,0.171,0.188,0.12,0.148,0.142,0.214,0.176,0.21,0.217,0.209,0.162,0.171,0.187,24.9375
1630249,Vít Krejčí,Vít,1610612737,ATL,25.0,57,28,29,0.491,1153.0,0.131,0.148,0.139,0.277,0.22,0.079,0.086,0.091,0.169,0.151,0.22,0.134,0.167,0.218,0.075,0.224,0.096,0.153,20.228070175438596
203991,Clint Capela,Clint,1610612737,ATL,31.0,55,27,28,0.491,1176.0,0.16,0.204,0.168,0.0,0.001,0.139,0.188,0.524,0.361,0.408,0.084,0.123,0.139,0.408,0.257,0.241,0.196,0.174,21.381818181818183
1629726,Garrison Mathews,Garrison,1610612737,ATL,28.0,47,21,26,0.447,830.0,0.153,0.148,0.168,0.336,0.306,0.191,0.181,0.07,0.129,0.115,0.122,0.114,0.174,0.158,0.054,0.242,0.192,0.179,17.659574468085108
1630592,Jalen Wilson,Jalen,1610612751,BKN,24.0,79,25,54,0.316,2031.0,0.161,0.157,0.172,0.21,0.214,0.193,0.185,0.158,0.155,0.156,0.137,0.122,0.12,0.029,0.155,0.19,0.153,0.17,25.70886075949367
1630553,Keon Johnson,Keon,1610612751,BKN,23.0,79,25,54,0.316,1925.0,0.212,0.204,0.227,0.236,0.256,0.175,0.176,0.156,0.189,0.181,0.173,0.188,0.261,0.171,0.315,0.25,0.163,0.204,24.367088607594937
1629651,Nic Claxton,Nic,1610612751,BKN,26.0,70,20,50,0.286,1882.0,0.166,0.222,0.172,0.01,0.015,0.137,0.203,0.382,0.304,0.325,0.166,0.142,0.205,0.541,0.142,0.196,0.246,0.183,26.885714285714286
1630533,Ziaire Williams,Ziaire,1610612751,BKN,23.0,63,22,41,0.349,1541.0,0.179,0.18,0.19,0.247,0.243,0.189,0.182,0.181,0.238,0.223,0.107,0.148,0.244,0.184,0.22,0.229,0.188,0.19,24.46031746031746
1631213,Tyrese Martin,Tyrese,1610612751,BKN,26.0,60,16,44,0.267,1315.0,0.179,0.188,0.196,0.264,0.252,0.111,0.106,0.164,0.195,0.186,0.184,0.171,0.153,0.084,0.109,0.141,0.099,0.187,21.916666666666668
1626156,D'Angelo Russell,D'Angelo,1610612751,BKN,29.0,58,26,32,0.448,1480.0,0.228,0.202,0.236,0.295,0.315,0.219,0.203,0.06,0.145,0.124,0.362,0.249,0.215,0.14,0.098,0.215,0.226,0.215,25.517241379310345
1629661,Cameron Johnson,Cameron,1610612751,BKN,29.0,57,21,36,0.368,1800.0,0.224,0.246,0.233,0.296,0.277,0.316,0.291,0.14,0.173,0.165,0.197,0.177,0.192,0.16,0.162,0.135,0.238,0.264,31.57894736842105
1630549,Day'Ron Sharpe,Day'Ron,1610612751,BKN,23.0,50,14,36,0.28,907.0,0.186,0.223,0.187,0.046,0.061,0.185,0.19,0.53,0.308,0.38,0.192,0.223,0.268,0.452,0.276,0.289,0.213,0.196,18.14
1641730,Noah Clowney,Noah,1610612751,BKN,20.0,46,11,35,0.239,1042.0,0.185,0.174,0.2,0.297,0.294,0.183,0.171,0.178,0.21,0.202,0.078,0.137,0.152,0.25,0.235,0.251,0.197,0.192,22.652173913043477
1630570,Trendon Watford,Trendon,1610612751,BKN,24.0,44,16,28,0.364,913.0,0.226,0.232,0.216,0.127,0.129,0.292,0.3,0.161,0.205,0.193,0.256,0.285,0.196,0.13,0.298,0.231,0.287,0.229,20.75
1630202,Payton Pritchard,Payton,1610612738,BOS,27.0,80,59,21,0.738,2271.0,0.186,0.212,0.204,0.31,0.273,0.098,0.093,0.176,0.133,0.145,0.242,0.154,0.198,0.058,0.213,0.152,0.101,0.212,28.3875
1628401,Derrick White,Derrick,1610612738,BOS,30.0,76,58,18,0.763,2574.0,0.195,0.189,0.201,0.272,0.267,0.162,0.156,0.121,0.149,0.142,0.246,0.212,0.203,0.261,0.132,0.165,0.171,0.199,33.86842105263158
1628436,Luke Kornet,Luke,1610612738,BOS,29.0,73,53,20,0.726,1361.0,0.111,0.155,0.109,0.0,0.002,0.177,0.195,0.487,0.208,0.289,0.164,0.093,0.177,0.486,0.196,0.275,0.22,0.134,18.643835616438356
1628369,Jayson Tatum,Jayson,1610612738,BOS,27.0,72,53,19,0.736,2624.0,0.301,0.29,0.296,0.251,0.27,0.419,0.411,0.08,0.313,0.256,0.307,0.332,0.197,0.127,0.284,0.182,0.331,0.301,36.44444444444444
1630573,Sam Hauser,Sam,1610612738,BOS,27.0,71,52,19,0.732,1541.0,0.14,0.16,0.164,0.278,0.248,0.025,0.02,0.114,0.171,0.156,0.076,0.064,0.188,0.079,0.038,0.174,0.055,0.163,21.704225352112676
1627759,Jaylen Brown,Jaylen,1610612738,BOS,28.0,63,46,17,0.73,2158.0,0.282,0.27,0.277,0.147,0.175,0.337,0.348,0.172,0.185,0.182,0.233,0.316,0.24,0.074,0.42,0.21,0.349,0.261,34.25396825396825
201950,Jrue Holiday,Jrue,1610612738,BOS,35.0,62,47,15,0.758,1896.0,0.156,0.156,0.162,0.155,0.163,0.113,0.099,0.201,0.136,0.15,0.224,0.171,0.232,0.12,0.158,0.171,0.106,0.15,30.580645161290324
1629674,Neemias Queta,Neemias,1610612738,BOS,25.0,62,46,16,0.742,863.0,0.136,0.183,0.132,0.0,0.004,0.16,0.173,0.399,0.264,0.303,0.104,0.175,0.128,0.438,0.203,0.35,0.185,0.154,13.919354838709678
201143,Al Horford,Al,1610612738,BOS,39.0,60,44,16,0.733,1659.0,0.136,0.135,0.147,0.172,0.182,0.069,0.066,0.212,0.24,0.233,0.139,0.123,0.159,0.283,0.066,0.153,0.066,0.133,27.65
1641775,Jordan Walsh,Jordan,1610612738,BOS,21.0,52,39,13,0.75,403.0,0.11,0.092,0.116,0.109,0.138,0.055,0.076,0.221,0.185,0.196,0.101,0.131,0.154,0.212,0.088,0.192,0.101,0.089,7.75
1631217,Moussa Diabaté,Moussa,1610612766,CHA,23.0,71,15,56,0.211,1241.0,0.13,0.17,0.122,0.0,0.006,0.18,0.227,0.471,0.322,0.372,0.095,0.15,0.22,0.348,0.174,0.22,0.242,0.151,17.47887323943662
1630182,Josh Green,Josh,1610612766,CHA,24.0,68,17,51,0.25,1888.0,0.115,0.118,0.12,0.191,0.163,0.083,0.097,0.121,0.09,0.098,0.11,0.116,0.243,0.084,0.121,0.223,0.121,0.122,27.764705882352942
203552,Seth Curry,Seth,1610612766,CHA,34.0,68,17,51,0.25,1062.0,0.151,0.192,0.172,0.278,0.211,0.103,0.094,0.088,0.121,0.112,0.114,0.097,0.186,0.07,0.061,0.144,0.13,0.191,15.617647058823529
1628970,Miles Bridges,Miles,1610612766,CHA,27.0,64,16,48,0.25,2029.0,0.273,0.277,0.286,0.262,0.281,0.334,0.309,0.15,0.282,0.249,0.229,0.22,0.149,0.232,0.323,0.121,0.24,0.284,31.703125
1641733,Nick Smith Jr.,Nick,1610612766,CHA,21.0,60,14,46,0.233,1369.0,0.205,0.206,0.224,0.309,0.298,0.104,0.089,0.041,0.123,0.102,0.212,0.19,0.086,0.05,0.156,0.156,0.084,0.203,22.816666666666666
1642275,Tidjane Salaün,Tidjane,1610612766,CHA,19.0,60,12,48,0.2,1244.0,0.15,0.124,0.154,0.18,0.205,0.184,0.188,0.219,0.252,0.243,0.131,0.132,0.142,0.143,0.201,0.184,0.176,0.14,20.733333333333334
203994,Jusuf Nurkić,Jusuf,1610612766,CHA,30.0,51,18,33,0.353,1063.0,0.202,0.196,0.185,0.104,0.121,0.256,0.296,0.417,0.416,0.416,0.2,0.287,0.245,0.41,0.17,0.327,0.326,0.193,20.84313725490196
1629610,DaQuan Jeffries,DaQuan,1610612766,CHA,27.0,47,9,38,0.191,1072.0,0.136,0.14,0.151,0.19,0.206,0.069,0.068,0.149,0.134,0.138,0.092,0.107,0.197,0.263,0.15,0.241,0.075,0.136,22.80851063829787
1630163,LaMelo Ball,LaMelo,1610612766,CHA,23.0,47,16,31,0.34,1504.0,0.342,0.314,0.344,0.357,0.382,0.398,0.378,0.116,0.181,0.163,0.414,0.358,0.213,0.09,0.274,0.247,0.367,0.331,32.0
1631109,Mark Williams,Mark,1610612766,CHA,23.0,44,9,35,0.205,1171.0,0.21,0.276,0.202,0.0,0.005,0.349,0.354,0.489,0.376,0.404,0.166,0.203,0.201,0.495,0.203,0.265,0.301,0.256,26.613636363636363
1641824,Matas Buzelis,Matas,1610612741,CHI,20.0,80,39,41,0.488,1511.0,0.181,0.186,0.192,0.21,0.207,0.174,0.175,0.168,0.194,0.188,0.087,0.153,0.134,0.419,0.178,0.236,0.155,0.187,18.8875
1641763,Julian Phillips,Julian,1610612741,CHI,21.0,79,37,42,0.468,1123.0,0.126,0.13,0.135,0.141,0.154,0.146,0.148,0.255,0.126,0.157,0.062,0.082,0.21,0.18,0.134,0.245,0.139,0.134,14.215189873417721
1629632,Coby White,Coby,1610612741,CHI,25.0,74,35,39,0.473,2450.0,0.237,0.233,0.241,0.276,0.27,0.328,0.3,0.053,0.138,0.12,0.226,0.236,0.179,0.07,0.289,0.173,0.304,0.252,33.108108108108105
1631207,Dalen Terry,Dalen,1610612741,CHI,22.0,73,33,40,0.452,987.0,0.142,0.144,0.141,0.128,0.12,0.152,0.168,0.165,0.12,0.131,0.175,0.164,0.267,0.129,0.173,0.284,0.152,0.143,13.520547945205479
202696,Nikola Vučević,Nikola,1610612741,CHI,34.0,73,34,39,0.466,2278.0,0.221,0.262,0.239,0.172,0.167,0.177,0.178,0.396,0.327,0.342,0.178,0.169,0.175,0.261,0.16,0.214,0.225,0.24,31.205479452054796
1630581,Josh Giddey,Josh,1610612741,CHI,22.0,70,33,37,0.471,2117.0,0.214,0.192,0.199,0.156,0.156,0.263,0.267,0.286,0.281,0.282,0.378,0.306,0.253,0.222,0.281,0.167,0.253,0.196,30.242857142857144
1628989,Kevin Huerter,Kevin,1610612741,CHI,26.0,69,39,30,0.565,1679.0,0.171,0.169,0.19,0.272,0.288,0.061,0.068,0.082,0.147,0.131,0.154,0.14,0.24,0.154,0.088,0.194,0.07,0.166,24.333333333333332
1630188,Jalen Smith,Jalen,1610612741,CHI,25.0,64,28,36,0.438,962.0,0.201,0.227,0.221,0.232,0.243,0.201,0.199,0.438,0.371,0.386,0.119,0.133,0.112,0.358,0.144,0.231,0.225,0.224,15.03125
1628380,Zach Collins,Zach,1610612741,CHI,27.0,64,34,30,0.531,977.0,0.166,0.182,0.162,0.125,0.137,0.201,0.182,0.408,0.266,0.303,0.194,0.205,0.169,0.333,0.183,0.351,0.233,0.179,15.265625
1630172,Patrick Williams,Patrick,1610612741,CHI,23.0,63,31,32,0.492,1576.0,0.165,0.149,0.172,0.194,0.2,0.114,0.129,0.138,0.165,0.159,0.133,0.173,0.181,0.232,0.22,0.159,0.123,0.15,25.015873015873016
1628386,Jarrett Allen,Jarrett,1610612739,CLE,27.0,82,64,18,0.78,2296.0,0.156,0.207,0.147,0.0,0.003,0.244,0.271,0.396,0.354,0.365,0.113,0.154,0.182,0.386,0.235,0.152,0.281,0.186,28.0
1629636,Darius Garland,Darius,1610612739,CLE,25.0,75,60,15,0.8,2301.0,0.265,0.253,0.27,0.281,0.276,0.263,0.239,0.089,0.104,0.1,0.354,0.294,0.224,0.06,0.214,0.164,0.243,0.258,30.68
1628378,Donovan Mitchell,Donovan,1610612739,CLE,28.0,71,55,16,0.775,2232.0,0.298,0.283,0.311,0.311,0.323,0.369,0.355,0.111,0.169,0.155,0.279,0.261,0.235,0.079,0.256,0.165,0.314,0.299,31.43661971830986
1630596,Evan Mobley,Evan,1610612739,CLE,24.0,71,58,13,0.817,2167.0,0.226,0.25,0.224,0.115,0.124,0.283,0.307,0.343,0.322,0.327,0.182,0.244,0.164,0.523,0.27,0.175,0.279,0.237,30.52112676056338
1630241,Sam Merrill,Sam,1610612739,CLE,29.0,71,54,17,0.761,1401.0,0.14,0.136,0.16,0.289,0.288,0.058,0.045,0.121,0.121,0.121,0.138,0.097,0.215,0.114,0.108,0.223,0.097,0.146,19.732394366197184
1629660,Ty Jerome,Ty,1610612739,CLE,27.0,70,55,15,0.786,1392.0,0.229,0.245,0.235,0.249,0.214,0.253,0.223,0.152,0.128,0.134,0.298,0.253,0.311,0.026,0.214,0.188,0.219,0.246,19.885714285714286
1629750,Javonte Green,Javonte,1610612739,CLE,31.0,68,24,44,0.353,1258.0,0.113,0.115,0.121,0.134,0.148,0.124,0.128,0.187,0.192,0.191,0.086,0.092,0.267,0.238,0.099,0.211,0.151,0.119,18.5
1629631,De'Andre Hunter,De'Andre,1610612739,CLE,27.0,64,38,26,0.594,1740.0,0.221,0.23,0.233,0.293,0.269,0.282,0.263,0.109,0.181,0.162,0.092,0.155,0.151,0.078,0.248,0.226,0.265,0.247,27.1875
1629731,Dean Wade,Dean,1610612739,CLE,28.0,59,47,12,0.797,1252.0,0.101,0.097,0.115,0.185,0.198,0.037,0.056,0.181,0.224,0.214,0.105,0.067,0.18,0.18,0.1,0.228,0.065,0.101,21.220338983050848
1630171,Isaac Okoro,Isaac,1610612739,CLE,24.0,55,44,11,0.8,1053.0,0.124,0.125,0.134,0.156,0.167,0.1,0.107,0.189,0.108,0.129,0.11,0.084,0.177,0.163,0.181,0.259,0.111,0.126,19.145454545454545
203915,Spencer Dinwiddie,Spencer,1610612742,DAL,32.0,79,37,42,0.468,2136.0,0.175,0.157,0.178,0.206,0.218,0.239,0.234,0.046,0.131,0.113,0.317,0.161,0.216,0.077,0.126,0.156,0.238,0.175,27.037974683544302
1631108,Max Christie,Max,1610612742,DAL,22.0,78,40,38,0.513,2127.0,0.15,0.138,0.156,0.222,0.219,0.158,0.148,0.095,0.156,0.143,0.129,0.149,0.183,0.149,0.2,0.168,0.134,0.15,27.26923076923077
202691,Klay Thompson,Klay,1610612742,DAL,35.0,72,33,39,0.458,1965.0,0.214,0.206,0.238,0.401,0.371,0.111,0.095,0.102,0.15,0.138,0.132,0.167,0.163,0.124,0.111,0.115,0.076,0.216,27.291666666666668
1630230,Naji Marshall,Naji,1610612742,DAL,27.0,69,32,37,0.464,1919.0,0.197,0.219,0.207,0.133,0.17,0.174,0.165,0.205,0.195,0.197,0.209,0.2,0.224,0.057,0.191,0.164,0.154,0.203,27.81159420289855
1629655,Daniel Gafford,Daniel,1610612742,DAL,26.0,57,28,29,0.491,1226.0,0.186,0.256,0.179,0.0,0.0,0.287,0.318,0.534,0.269,0.336,0.12,0.174,0.127,0.59,0.268,0.321,0.315,0.235,21.50877192982456
1630702,Jaden Hardy,Jaden,1610612742,DAL,22.0,57,30,27,0.526,907.0,0.244,0.234,0.255,0.344,0.324,0.173,0.183,0.049,0.13,0.111,0.185,0.278,0.181,0.062,0.273,0.249,0.178,0.236,15.912280701754385
1629023,P.J. Washington,P.J.,1610612742,DAL,26.0,57,31,26,0.544,1835.0,0.198,0.184,0.196,0.181,0.181,0.213,0.226,0.196,0.276,0.257,0.13,0.216,0.212,0.247,0.281,0.18,0.221,0.188,32.19298245614035
203939,Dwight Powell,Dwight,1610612742,DAL,33.0,55,25,30,0.455,551.0,0.073,0.091,0.061,0.016,0.013,0.126,0.153,0.416,0.202,0.254,0.226,0.107,0.188,0.42,0.109,0.403,0.212,0.09,10.018181818181818
1641765,Olivier-Maxence Prosper,Olivier-Maxence,1610612742,DAL,22.0,52,27,25,0.519,584.0,0.158,0.15,0.166,0.084,0.118,0.244,0.267,0.373,0.211,0.249,0.136,0.077,0.217,0.098,0.246,0.14,0.231,0.157,11.23076923076923
203076,Anthony Davis,Anthony,1610612742,DAL,32.0,51,30,21,0.588,1705.0,0.301,0.321,0.304,0.09,0.115,0.431,0.434,0.412,0.381,0.387,0.187,0.234,0.224,0.526,0.285,0.177,0.39,0.317,33.431372549019606
1631128,Christian Braun,Christian,1610612743,DEN,24.0,79,48,31,0.608,2675.0,0.155,0.183,0.166,0.131,0.131,0.171,0.162,0.163,0.164,0.164,0.114,0.11,0.19,0.149,0.222,0.188,0.136,0.176,33.860759493670884
1629008,Michael Porter Jr.,Michael,1610612743,DEN,27.0,77,47,30,0.61,2593.0,0.197,0.212,0.216,0.291,0.288,0.159,0.159,0.223,0.22,0.221,0.095,0.138,0.119,0.143,0.171,0.173,0.137,0.212,33.675324675324674
201566,Russell Westbrook,Russell,1610612743,DEN,36.0,75,43,32,0.573,2092.0,0.23,0.191,0.215,0.195,0.225,0.19,0.214,0.209,0.182,0.189,0.338,0.364,0.289,0.164,0.236,0.232,0.197,0.191,27.893333333333334
203999,Nikola Jokić,Nikola,1610612743,DEN,30.0,70,46,24,0.657,2571.0,0.285,0.304,0.281,0.209,0.198,0.346,0.341,0.332,0.377,0.366,0.39,0.33,0.295,0.194,0.243,0.183,0.395,0.301,36.72857142857143
1631212,Peyton Watson,Peyton,1610612743,DEN,22.0,68,40,28,0.588,1656.0,0.138,0.136,0.144,0.126,0.133,0.155,0.17,0.132,0.158,0.152,0.093,0.113,0.17,0.451,0.2,0.192,0.144,0.138,24.352941176470587
1627750,Jamal Murray,Jamal,1610612743,DEN,28.0,67,41,26,0.612,2418.0,0.235,0.227,0.246,0.247,0.249,0.249,0.223,0.081,0.127,0.115,0.26,0.216,0.238,0.144,0.183,0.156,0.227,0.232,36.08955223880597
1631124,Julian Strawther,Julian,1610612743,DEN,23.0,65,41,24,0.631,1383.0,0.173,0.172,0.192,0.289,0.293,0.135,0.128,0.054,0.127,0.109,0.102,0.13,0.167,0.116,0.132,0.271,0.168,0.177,21.276923076923076
1630192,Zeke Nnaji,Zeke,1610612743,DEN,24.0,57,36,21,0.632,608.0,0.119,0.134,0.126,0.116,0.125,0.138,0.162,0.241,0.123,0.15,0.067,0.073,0.258,0.437,0.197,0.245,0.172,0.133,10.666666666666666
201599,DeAndre Jordan,DeAndre,1610612743,DEN,36.0,56,37,19,0.661,691.0,0.126,0.152,0.111,0.0,0.0,0.119,0.206,0.488,0.382,0.408,0.157,0.179,0.157,0.314,0.187,0.27,0.256,0.133,12.339285714285714
203932,Aaron Gordon,Aaron,1610612743,DEN,29.0,51,33,18,0.647,1447.0,0.186,0.187,0.186,0.203,0.181,0.254,0.244,0.242,0.164,0.183,0.169,0.166,0.096,0.121,0.264,0.166,0.222,0.199,28.372549019607842
1627736,Malik Beasley,Malik,1610612765,DET,28.0,82,44,38,0.537,2283.0,0.215,0.229,0.25,0.475,0.42,0.112,0.128,0.09,0.104,0.101,0.111,0.117,0.196,0.019,0.122,0.123,0.116,0.241,27.841463414634145
1641842,Ronald Holland II,Ronald,1610612765,DET,19.0,81,44,37,0.543,1266.0,0.177,0.186,0.18,0.103,0.154,0.205,0.212,0.136,0.212,0.192,0.123,0.183,0.226,0.131,0.193,0.243,0.222,0.179,15.62962962962963
1631105,Jalen Duren,Jalen,1610612765,DET,21.0,78,43,35,0.551,2034.0,0.161,0.203,0.145,0.0,0.0,0.219,0.252,0.557,0.379,0.425,0.183,0.213,0.163,0.416,0.242,0.298,0.245,0.186,26.076923076923077
203501,Tim Hardaway Jr.,Tim,1610612765,DET,33.0,77,41,36,0.532,2153.0,0.151,0.143,0.17,0.323,0.313,0.159,0.144,0.036,0.112,0.093,0.105,0.073,0.112,0.032,0.084,0.109,0.178,0.164,27.961038961038962
203471,Dennis Schröder,Dennis,1610612765,DET,31.0,75,37,38,0.493,2105.0,0.211,0.193,0.215,0.201,0.217,0.227,0.211,0.058,0.125,0.108,0.353,0.234,0.21,0.056,0.238,0.192,0.232,0.199,28.066666666666666
1631323,Simone Fontecchio,Simone,1610612765,DET,29.0,75,38,37,0.507,1237.0,0.152,0.142,0.162,0.205,0.22,0.156,0.149,0.182,0.189,0.187,0.095,0.133,0.152,0.092,0.162,0.172,0.147,0.152,16.493333333333332
202699,Tobias Harris,Tobias,1610612765,DET,32.0,73,40,33,0.548,2305.0,0.173,0.184,0.188,0.156,0.167,0.178,0.158,0.118,0.224,0.197,0.128,0.119,0.203,0.217,0.18,0.148,0.137,0.18,31.575342465753426
1630191,Isaiah Stewart,Isaiah,1610612765,DET,24.0,72,38,34,0.528,1434.0,0.121,0.147,0.119,0.04,0.046,0.133,0.139,0.413,0.258,0.294,0.163,0.153,0.138,0.594,0.093,0.292,0.173,0.131,19.916666666666668
1630595,Cade Cunningham,Cade,1610612765,DET,23.0,70,38,32,0.543,2452.0,0.323,0.305,0.318,0.241,0.247,0.359,0.331,0.099,0.213,0.185,0.466,0.404,0.172,0.199,0.379,0.188,0.297,0.306,35.02857142857143
1641709,Ausar Thompson,Ausar,1610612765,DET,22.0,59,34,25,0.576,1328.0,0.185,0.204,0.184,0.038,0.058,0.186,0.223,0.324,0.21,0.241,0.181,0.199,0.386,0.274,0.269,0.291,0.243,0.186,22.508474576271187
1627741,Buddy Hield,Buddy,1610612744,GSW,32.0,82,48,34,0.585,1863.0,0.196,0.206,0.22,0.334,0.328,0.085,0.078,0.103,0.171,0.151,0.12,0.166,0.203,0.132,0.145,0.169,0.07,0.206,22.71951219512195
1626172,Kevon Looney,Kevon,1610612744,GSW,29.0,76,45,31,0.592,1142.0,0.125,0.148,0.125,0.006,0.005,0.136,0.177,0.487,0.338,0.385,0.185,0.127,0.223,0.363,0.14,0.31,0.187,0.128,15.026315789473685
1630541,Moses Moody,Moses,1610612744,GSW,23.0,74,45,29,0.608,1649.0,0.17,0.177,0.185,0.236,0.232,0.178,0.175,0.129,0.123,0.125,0.095,0.117,0.173,0.207,0.195,0.177,0.158,0.185,22.283783783783782
201939,Stephen Curry,Stephen,1610612744,GSW,37.0,70,41,29,0.586,2252.0,0.286,0.276,0.292,0.408,0.389,0.343,0.292,0.07,0.175,0.147,0.285,0.299,0.176,0.14,0.183,0.104,0.291,0.303,32.17142857142857
203110,Draymond Green,Draymond,1610612744,GSW,35.0,68,42,26,0.618,1983.0,0.157,0.126,0.14,0.12,0.14,0.138,0.158,0.165,0.251,0.229,0.299,0.293,0.244,0.332,0.094,0.296,0.218,0.127,29.16176470588235
1641764,Brandin Podziemski,Brandin,1610612744,GSW,22.0,64,38,26,0.594,1716.0,0.177,0.198,0.195,0.209,0.198,0.112,0.114,0.147,0.224,0.203,0.219,0.165,0.195,0.08,0.149,0.15,0.174,0.186,26.8125
1627780,Gary Payton II,Gary,1610612744,GSW,32.0,62,36,26,0.581,927.0,0.156,0.214,0.178,0.105,0.121,0.081,0.088,0.229,0.212,0.217,0.143,0.14,0.267,0.162,0.211,0.263,0.101,0.18,14.951612903225806
1631218,Trayce Jackson-Davis,Trayce,1610612744,GSW,25.0,62,33,29,0.532,967.0,0.164,0.214,0.165,0.0,0.004,0.212,0.267,0.484,0.282,0.337,0.174,0.148,0.134,0.365,0.339,0.217,0.222,0.184,15.596774193548388
1630611,Gui Santos,Gui,1610612744,GSW,23.0,56,36,20,0.643,762.0,0.126,0.124,0.123,0.134,0.147,0.101,0.114,0.295,0.191,0.224,0.17,0.199,0.169,0.161,0.125,0.273,0.143,0.122,13.607142857142858
202710,Jimmy Butler III,Jimmy,1610612744,GSW,35.0,55,36,19,0.655,1746.0,0.203,0.208,0.189,0.059,0.071,0.444,0.434,0.31,0.147,0.189,0.287,0.155,0.228,0.121,0.287,0.093,0.393,0.231,31.745454545454546
1630224,Jalen Green,Jalen,1610612745,HOU,23.0,82,52,30,0.634,2697.0,0.267,0.256,0.275,0.34,0.336,0.29,0.266,0.056,0.18,0.142,0.221,0.264,0.153,0.103,0.322,0.123,0.231,0.27,32.890243902439025
1630578,Alperen Sengun,Alperen,1610612745,HOU,22.0,76,52,24,0.684,2395.0,0.259,0.266,0.246,0.034,0.051,0.353,0.379,0.374,0.307,0.327,0.308,0.3,0.206,0.257,0.294,0.234,0.415,0.254,31.513157894736842
1628415,Dillon Brooks,Dillon,1610612745,HOU,29.0,75,49,26,0.653,2388.0,0.176,0.186,0.195,0.299,0.27,0.12,0.108,0.111,0.121,0.118,0.112,0.12,0.147,0.07,0.123,0.254,0.114,0.189,31.84
1641708,Amen Thompson,Amen,1610612745,HOU,22.0,69,43,26,0.623,2225.0,0.172,0.196,0.163,0.045,0.058,0.217,0.234,0.284,0.244,0.256,0.241,0.225,0.241,0.346,0.171,0.191,0.199,0.184,32.2463768115942
1628988,Aaron Holiday,Aaron,1610612745,HOU,28.0,62,39,23,0.629,792.0,0.162,0.167,0.173,0.317,0.283,0.147,0.127,0.057,0.108,0.094,0.204,0.154,0.141,0.12,0.131,0.195,0.163,0.183,12.774193548387096
1627832,Fred VanVleet,Fred,1610612745,HOU,31.0,60,41,19,0.683,2111.0,0.176,0.158,0.187,0.289,0.294,0.144,0.134,0.052,0.133,0.109,0.332,0.161,0.251,0.121,0.092,0.168,0.13,0.17,35.18333333333333
203500,Steven Adams,Steven,1610612745,HOU,31.0,58,38,20,0.655,794.0,0.127,0.129,0.107,0.0,0.003,0.15,0.225,0.532,0.283,0.372,0.184,0.202,0.177,0.346,0.098,0.214,0.286,0.118,13.689655172413794
1631095,Jabari Smith Jr.,Jabari,1610612745,HOU,22.0,57,40,17,0.702,1716.0,0.16,0.165,0.17,0.221,0.217,0.172,0.158,0.2,0.23,0.221,0.075,0.122,0.096,0.232,0.144,0.185,0.169,0.172,30.105263157894736
1631106,Tari Eason,Tari,1610612745,HOU,24.0,57,36,21,0.632,1420.0,0.185,0.212,0.202,0.177,0.184,0.153,0.149,0.268,0.239,0.248,0.117,0.149,0.351,0.336,0.253,0.229,0.138,0.2,24.912280701754387
1630256,Jae'Sean Tate,Jae'Sean,1610612745,HOU,29.0,52,38,14,0.731,588.0,0.126,0.137,0.129,0.103,0.101,0.15,0.16,0.246,0.165,0.192,0.164,0.124,0.226,0.119,0.213,0.322,0.215,0.135,11.307692307692308
1630167,Obi Toppin,Obi,1610612754,IND,27.0,79,48,31,0.608,1545.0,0.191,0.223,0.207,0.252,0.255,0.168,0.169,0.185,0.263,0.245,0.133,0.154,0.176,0.151,0.159,0.173,0.155,0.219,19.556962025316455
204456,T.J. McConnell,T.J.,1610612754,IND,33.0,79,49,30,0.62,1415.0,0.226,0.249,0.24,0.043,0.051,0.124,0.131,0.171,0.16,0.162,0.416,0.263,0.332,0.138,0.328,0.14,0.181,0.211,17.911392405063292
1627783,Pascal Siakam,Pascal,1610612754,IND,31.0,78,47,31,0.603,2548.0,0.237,0.266,0.251,0.181,0.173,0.262,0.282,0.284,0.233,0.243,0.168,0.169,0.153,0.155,0.205,0.197,0.27,0.256,32.666666666666664
1641716,Jarace Walker,Jarace,1610612754,IND,21.0,75,45,30,0.6,1187.0,0.165,0.167,0.167,0.26,0.224,0.117,0.136,0.112,0.264,0.229,0.164,0.21,0.239,0.208,0.081,0.244,0.138,0.169,15.826666666666666
1630169,Tyrese Haliburton,Tyrese,1610612754,IND,25.0,73,46,27,0.63,2450.0,0.21,0.214,0.221,0.29,0.286,0.217,0.202,0.094,0.132,0.124,0.438,0.196,0.264,0.168,0.111,0.102,0.184,0.224,33.56164383561644
1631097,Bennedict Mathurin,Bennedict,1610612754,IND,23.0,72,43,29,0.597,2149.0,0.222,0.206,0.218,0.174,0.189,0.337,0.324,0.21,0.199,0.201,0.11,0.22,0.131,0.097,0.337,0.194,0.281,0.223,29.84722222222222
1626167,Myles Turner,Myles,1610612754,IND,29.0,72,44,28,0.611,2174.0,0.207,0.202,0.207,0.249,0.242,0.239,0.243,0.247,0.252,0.251,0.085,0.214,0.159,0.548,0.202,0.226,0.243,0.213,30.194444444444443
1628418,Thomas Bryant,Thomas,1610612754,IND,27.0,66,44,22,0.667,963.0,0.162,0.194,0.181,0.194,0.214,0.159,0.15,0.417,0.268,0.304,0.097,0.114,0.159,0.427,0.175,0.213,0.165,0.188,14.590909090909092
1629614,Andrew Nembhard,Andrew,1610612754,IND,25.0,65,44,21,0.677,1881.0,0.163,0.145,0.156,0.097,0.124,0.164,0.166,0.107,0.141,0.134,0.278,0.233,0.231,0.052,0.184,0.215,0.178,0.143,28.93846153846154
1641767,Ben Sheppard,Ben,1610612754,IND,23.0,63,40,23,0.635,1230.0,0.108,0.109,0.125,0.215,0.218,0.058,0.05,0.175,0.164,0.167,0.115,0.066,0.18,0.116,0.114,0.243,0.078,0.113,19.523809523809526
1627826,Ivica Zubac,Ivica,1610612746,LAC,28.0,80,50,30,0.625,2624.0,0.192,0.251,0.2,0.0,0.0,0.174,0.209,0.536,0.383,0.418,0.146,0.156,0.104,0.404,0.248,0.187,0.248,0.213,32.8
201935,James Harden,James,1610612746,LAC,35.0,79,50,29,0.633,2789.0,0.286,0.22,0.259,0.32,0.336,0.478,0.437,0.09,0.207,0.179,0.463,0.398,0.22,0.214,0.273,0.156,0.352,0.272,35.30379746835443
201587,Nicolas Batum,Nicolas,1610612746,LAC,36.0,78,47,31,0.603,1367.0,0.087,0.092,0.098,0.236,0.199,0.033,0.032,0.165,0.173,0.172,0.128,0.084,0.209,0.247,0.04,0.205,0.04,0.099,17.525641025641026
1627884,Derrick Jones Jr.,Derrick,1610612746,LAC,28.0,77,48,29,0.623,1873.0,0.16,0.186,0.173,0.156,0.17,0.128,0.144,0.224,0.132,0.154,0.058,0.115,0.212,0.193,0.159,0.214,0.149,0.174,24.324675324675326
1627739,Kris Dunn,Kris,1610612746,LAC,31.0,74,45,29,0.608,1783.0,0.126,0.123,0.137,0.166,0.181,0.025,0.028,0.15,0.161,0.159,0.216,0.139,0.328,0.173,0.084,0.308,0.056,0.113,24.094594594594593
1629599,Amir Coffey,Amir,1610612746,LAC,28.0,72,41,31,0.569,1748.0,0.15,0.168,0.167,0.233,0.208,0.18,0.157,0.087,0.109,0.104,0.092,0.077,0.133,0.043,0.166,0.168,0.144,0.177,24.27777777777778
1629234,Drew Eubanks,Drew,1610612746,LAC,28.0,61,25,36,0.41,746.0,0.149,0.189,0.145,0.014,0.01,0.169,0.202,0.382,0.323,0.337,0.143,0.161,0.105,0.52,0.274,0.201,0.223,0.164,12.229508196721312
1626181,Norman Powell,Norman,1610612746,LAC,32.0,60,39,21,0.65,1958.0,0.255,0.261,0.267,0.357,0.328,0.299,0.293,0.051,0.122,0.106,0.114,0.181,0.188,0.051,0.313,0.157,0.269,0.277,32.63333333333333
203992,Bogdan Bogdanović,Bogdan,1610612746,LAC,32.0,54,33,21,0.611,1348.0,0.183,0.179,0.196,0.284,0.284,0.114,0.103,0.077,0.142,0.126,0.198,0.195,0.169,0.087,0.102,0.232,0.136,0.181,24.962962962962962
1627732,Ben Simmons,Ben,1610612746,LAC,28.0,51,26,25,0.51,1120.0,0.133,0.127,0.115,0.0,0.0,0.061,0.068,0.24,0.271,0.265,0.458,0.307,0.207,0.24,0.092,0.222,0.132,0.1,21.96078431372549
1642261,Dalton Knecht,Dalton,1610612747,LAL,24.0,78,47,31,0.603,1494.0,0.181,0.206,0.212,0.326,0.313,0.117,0.119,0.121,0.185,0.17,0.083,0.084,0.115,0.068,0.19,0.164,0.099,0.205,19.153846153846153
1630559,Austin Reaves,Austin,1610612747,LAL,27.0,73,46,27,0.63,2550.0,0.23,0.215,0.229,0.276,0.278,0.309,0.284,0.129,0.152,0.147,0.294,0.247,0.201,0.097,0.216,0.173,0.302,0.238,34.93150684931507
1629216,Gabe Vincent,Gabe,1610612747,LAL,29.0,72,46,26,0.639,1527.0,0.131,0.133,0.154,0.235,0.247,0.026,0.028,0.067,0.07,0.069,0.125,0.094,0.217,0.09,0.088,0.259,0.073,0.129,21.208333333333332
2544,LeBron James,LeBron,1610612747,LAL,40.0,70,44,26,0.629,2444.0,0.291,0.309,0.292,0.226,0.214,0.286,0.288,0.155,0.285,0.257,0.424,0.363,0.186,0.171,0.244,0.117,0.274,0.296,34.91428571428571
1627827,Dorian Finney-Smith,Dorian,1610612747,LAL,32.0,63,36,27,0.571,1819.0,0.123,0.125,0.137,0.219,0.208,0.042,0.051,0.245,0.136,0.159,0.092,0.11,0.192,0.151,0.153,0.189,0.057,0.124,28.873015873015873
1629060,Rui Hachimura,Rui,1610612747,LAL,27.0,59,37,22,0.627,1869.0,0.156,0.181,0.173,0.202,0.184,0.124,0.129,0.223,0.164,0.176,0.08,0.093,0.158,0.149,0.233,0.163,0.112,0.174,31.677966101694917
1629003,Shake Milton,Shake,1610612747,LAL,28.0,57,29,28,0.509,836.0,0.162,0.172,0.17,0.155,0.159,0.193,0.183,0.163,0.132,0.14,0.233,0.147,0.188,0.052,0.164,0.183,0.216,0.172,14.666666666666666
1629637,Jaxson Hayes,Jaxson,1610612747,LAL,25.0,56,38,18,0.679,1093.0,0.12,0.174,0.116,0.0,0.003,0.141,0.177,0.406,0.242,0.274,0.099,0.135,0.178,0.451,0.139,0.366,0.248,0.148,19.517857142857142
1629029,Luka Dončić,Luka,1610612747,LAL,26.0,50,31,19,0.62,1769.0,0.328,0.291,0.317,0.312,0.323,0.448,0.438,0.102,0.299,0.251,0.397,0.369,0.285,0.121,0.226,0.188,0.413,0.318,35.38
203458,Alex Len,Alex,1610612747,LAL,32.0,46,21,25,0.457,380.0,0.101,0.107,0.091,0.017,0.028,0.085,0.13,0.458,0.225,0.283,0.205,0.187,0.176,0.512,0.2,0.324,0.146,0.091,8.26086956521739
1642377,Jaylen Wells,Jaylen,1610612763,MEM,21.0,79,47,32,0.595,2043.0,0.156,0.149,0.169,0.235,0.245,0.15,0.146,0.156,0.122,0.131,0.111,0.104,0.125,0.035,0.136,0.172,0.177,0.159,25.860759493670887
1630590,Scotty Pippen Jr.,Scotty,1610612763,MEM,24.0,79,46,33,0.582,1683.0,0.188,0.188,0.184,0.181,0.161,0.202,0.215,0.151,0.163,0.16,0.347,0.249,0.299,0.149,0.232,0.269,0.262,0.19,21.303797468354432
203484,Kentavious Caldwell-Pope,Kentavious,1610612763,MEM,32.0,77,38,39,0.494,2279.0,0.121,0.131,0.135,0.219,0.206,0.098,0.089,0.065,0.094,0.086,0.125,0.094,0.24,0.125,0.055,0.145,0.109,0.135,29.5974025974026
1628991,Jaren Jackson Jr.,Jaren,1610612763,MEM,25.0,74,42,32,0.568,2207.0,0.274,0.29,0.283,0.249,0.233,0.333,0.339,0.159,0.199,0.189,0.12,0.22,0.229,0.409,0.322,0.26,0.33,0.293,29.824324324324323
1630175,Cole Anthony,Cole,1610612763,MEM,25.0,67,35,32,0.522,1234.0,0.238,0.233,0.243,0.266,0.241,0.205,0.185,0.152,0.197,0.185,0.323,0.303,0.217,0.193,0.126,0.27,0.2,0.232,18.417910447761194
1641744,Zach Edey,Zach,1610612763,MEM,23.0,66,35,31,0.53,1416.0,0.156,0.186,0.155,0.046,0.05,0.178,0.202,0.513,0.298,0.362,0.081,0.177,0.165,0.509,0.195,0.3,0.197,0.17,21.454545454545453
1628379,Luke Kennard,Luke,1610612763,MEM,29.0,65,37,28,0.569,1472.0,0.14,0.146,0.15,0.245,0.219,0.099,0.087,0.098,0.143,0.131,0.237,0.149,0.196,0.03,0.062,0.098,0.079,0.152,22.646153846153847
1630583,Santi Aldama,Santi,1610612763,MEM,24.0,65,38,27,0.585,1660.0,0.179,0.199,0.197,0.233,0.233,0.111,0.123,0.216,0.278,0.261,0.179,0.135,0.165,0.169,0.117,0.11,0.125,0.191,25.53846153846154
1629634,Brandon Clarke,Brandon,1610612763,MEM,28.0,64,40,24,0.625,1207.0,0.15,0.204,0.163,0.003,0.019,0.14,0.151,0.425,0.234,0.283,0.089,0.107,0.208,0.25,0.154,0.258,0.166,0.174,18.859375
1630643,Jay Huff,Jay,1610612763,MEM,27.0,64,37,27,0.578,748.0,0.194,0.241,0.22,0.32,0.298,0.15,0.151,0.178,0.182,0.181,0.083,0.127,0.123,0.523,0.11,0.265,0.144,0.237,11.6875
1628389,Bam Adebayo,Bam,1610612748,MIA,27.0,78,36,42,0.462,2674.0,0.232,0.247,0.234,0.103,0.107,0.292,0.305,0.352,0.307,0.317,0.233,0.217,0.22,0.28,0.183,0.185,0.333,0.235,34.282051282051285
1629639,Tyler Herro,Tyler,1610612748,MIA,25.0,77,37,40,0.481,2725.0,0.271,0.28,0.281,0.315,0.316,0.319,0.289,0.064,0.195,0.165,0.284,0.26,0.151,0.077,0.293,0.1,0.242,0.29,35.38961038961039
1630558,Davion Mitchell,Davion,1610612748,MIA,26.0,74,25,49,0.338,2027.0,0.135,0.127,0.129,0.172,0.151,0.092,0.102,0.078,0.096,0.092,0.315,0.217,0.204,0.084,0.116,0.238,0.187,0.127,27.39189189189189
1629130,Duncan Robinson,Duncan,1610612748,MIA,31.0,74,30,44,0.405,1786.0,0.187,0.196,0.208,0.36,0.337,0.088,0.078,0.056,0.121,0.107,0.171,0.168,0.142,0.047,0.175,0.216,0.102,0.203,24.135135135135137
1629312,Haywood Highsmith,Haywood,1610612748,MIA,28.0,74,35,39,0.473,1818.0,0.111,0.118,0.12,0.17,0.162,0.054,0.06,0.19,0.144,0.155,0.113,0.104,0.21,0.274,0.09,0.289,0.079,0.116,24.56756756756757
1631170,Jaime Jaquez Jr.,Jaime,1610612748,MIA,24.0,66,32,34,0.485,1368.0,0.194,0.189,0.187,0.103,0.114,0.243,0.257,0.302,0.215,0.235,0.226,0.241,0.279,0.124,0.37,0.193,0.208,0.186,20.727272727272727
1642276,Kel'el Ware,Kel'el,1610612748,MIA,21.0,64,28,36,0.438,1422.0,0.169,0.209,0.185,0.089,0.109,0.105,0.121,0.42,0.356,0.37,0.075,0.132,0.174,0.477,0.127,0.268,0.117,0.181,22.21875
1626179,Terry Rozier,Terry,1610612748,MIA,31.0,64,27,37,0.422,1658.0,0.195,0.184,0.21,0.2,0.237,0.169,0.155,0.126,0.164,0.155,0.195,0.174,0.13,0.109,0.207,0.13,0.166,0.184,25.90625
203937,Kyle Anderson,Kyle,1610612748,MIA,31.0,61,30,31,0.492,1002.0,0.152,0.171,0.162,0.094,0.09,0.162,0.168,0.215,0.219,0.218,0.27,0.121,0.213,0.351,0.149,0.203,0.177,0.161,16.42622950819672
203952,Andrew Wiggins,Andrew,1610612748,MIA,30.0,60,27,33,0.45,1842.0,0.238,0.246,0.246,0.236,0.232,0.337,0.324,0.198,0.14,0.155,0.154,0.178,0.189,0.281,0.318,0.147,0.254,0.257,30.7
201572,Brook Lopez,Brook,1610612749,MIL,37.0,80,47,33,0.588,2546.0,0.157,0.176,0.17,0.187,0.194,0.128,0.117,0.274,0.153,0.175,0.104,0.122,0.133,0.565,0.106,0.191,0.136,0.17,31.825
1627752,Taurean Prince,Taurean,1610612749,MIL,31.0,80,46,34,0.575,2166.0,0.123,0.123,0.133,0.234,0.207,0.052,0.047,0.096,0.163,0.15,0.132,0.137,0.232,0.063,0.134,0.213,0.071,0.126,27.075
1629645,Kevin Porter Jr.,Kevin,1610612749,MIL,25.0,75,43,32,0.573,1482.0,0.248,0.24,0.252,0.152,0.177,0.224,0.229,0.158,0.22,0.207,0.368,0.298,0.298,0.089,0.353,0.205,0.254,0.228,19.76
1629018,Gary Trent Jr.,Gary,1610612749,MIL,26.0,74,44,30,0.595,1893.0,0.168,0.173,0.194,0.307,0.292,0.105,0.097,0.066,0.111,0.103,0.089,0.089,0.254,0.027,0.075,0.168,0.094,0.179,25.58108108108108
1631260,AJ Green,AJ,1610612749,MIL,25.0,73,44,29,0.603,1659.0,0.123,0.127,0.143,0.301,0.278,0.037,0.035,0.071,0.126,0.117,0.127,0.09,0.141,0.048,0.019,0.252,0.078,0.136,22.726027397260275
1641748,Andre Jackson Jr.,Andre,1610612749,MIL,23.0,67,39,28,0.582,980.0,0.115,0.11,0.111,0.102,0.097,0.041,0.059,0.339,0.168,0.205,0.161,0.197,0.218,0.125,0.104,0.31,0.076,0.1,14.626865671641792
203507,Giannis Antetokounmpo,Giannis,1610612749,MIL,30.0,67,40,27,0.597,2289.0,0.346,0.383,0.324,0.022,0.038,0.497,0.578,0.375,0.387,0.385,0.342,0.342,0.169,0.333,0.427,0.181,0.519,0.359,34.16417910447761
1628398,Kyle Kuzma,Kyle,1610612749,MIL,29.0,65,25,40,0.385,1936.0,0.233,0.23,0.239,0.188,0.211,0.191,0.23,0.15,0.229,0.213,0.153,0.243,0.124,0.118,0.201,0.166,0.217,0.219,29.784615384615385
203081,Damian Lillard,Damian,1610612749,MIL,34.0,58,32,26,0.552,2093.0,0.269,0.244,0.262,0.316,0.318,0.44,0.367,0.079,0.156,0.141,0.375,0.288,0.249,0.048,0.253,0.122,0.339,0.285,36.08620689655172
1631157,Ryan Rollins,Ryan,1610612749,MIL,22.0,56,30,26,0.536,820.0,0.179,0.18,0.186,0.209,0.2,0.133,0.117,0.157,0.147,0.149,0.226,0.221,0.326,0.2,0.323,0.277,0.159,0.177,14.642857142857142
1630183,Jaden McDaniels,Jaden,1610612750,MIN,24.0,82,49,33,0.598,2614.0,0.16,0.181,0.176,0.13,0.144,0.115,0.11,0.205,0.186,0.191,0.12,0.124,0.255,0.272,0.171,0.232,0.133,0.165,31.878048780487806
1629638,Nickeil Alexander-Walker,Nickeil,1610612750,MIN,26.0,82,49,33,0.598,2073.0,0.155,0.153,0.163,0.209,0.208,0.126,0.128,0.118,0.151,0.143,0.198,0.163,0.149,0.163,0.126,0.169,0.17,0.156,25.28048780487805
1629675,Naz Reid,Naz,1610612750,MIN,25.0,80,47,33,0.588,2200.0,0.21,0.225,0.229,0.239,0.242,0.144,0.149,0.189,0.257,0.24,0.147,0.169,0.164,0.304,0.197,0.226,0.14,0.215,27.5
1630162,Anthony Edwards,Anthony,1610612750,MIN,23.0,79,48,31,0.608,2871.0,0.307,0.296,0.311,0.356,0.345,0.392,0.372,0.093,0.197,0.171,0.241,0.293,0.199,0.167,0.212,0.142,0.3,0.318,36.34177215189873
203497,Rudy Gobert,Rudy,1610612750,MIN,33.0,72,43,29,0.597,2388.0,0.129,0.168,0.118,0.0,0.0,0.233,0.269,0.46,0.31,0.349,0.1,0.121,0.141,0.406,0.244,0.213,0.276,0.156,33.166666666666664
201144,Mike Conley,Mike,1610612750,MIN,37.0,71,44,27,0.62,1756.0,0.141,0.125,0.147,0.229,0.215,0.135,0.121,0.081,0.124,0.113,0.323,0.145,0.264,0.076,0.112,0.171,0.144,0.14,24.732394366197184
203944,Julius Randle,Julius,1610612750,MIN,30.0,69,44,25,0.638,2226.0,0.246,0.243,0.237,0.157,0.174,0.329,0.319,0.286,0.224,0.239,0.274,0.292,0.134,0.072,0.305,0.213,0.286,0.245,32.26086956521739
1628978,Donte DiVincenzo,Donte,1610612750,MIN,28.0,62,37,25,0.597,1606.0,0.188,0.184,0.204,0.324,0.31,0.085,0.086,0.095,0.175,0.157,0.251,0.206,0.256,0.099,0.149,0.183,0.134,0.189,25.903225806451612
1642265,Rob Dillingham,Rob,1610612750,MIN,20.0,49,30,19,0.612,516.0,0.215,0.212,0.221,0.167,0.186,0.039,0.06,0.097,0.116,0.11,0.363,0.366,0.253,0.02,0.143,0.18,0.13,0.178,10.53061224489796
1631169,Josh Minott,Josh,1610612750,MIN,22.0,46,32,14,0.696,276.0,0.16,0.19,0.181,0.169,0.181,0.21,0.176,0.207,0.175,0.182,0.108,0.107,0.313,0.545,0.222,0.281,0.163,0.189,6.0
1642274,Yves Missi,Yves,1610612740,NOP,21.0,73,19,54,0.26,1956.0,0.141,0.164,0.136,0.0,0.001,0.195,0.231,0.478,0.279,0.339,0.097,0.134,0.109,0.462,0.285,0.219,0.232,0.152,26.794520547945204
1630526,Jeremiah Robinson-Earl,Jeremiah,1610612740,NOP,24.0,66,17,49,0.258,1239.0,0.14,0.153,0.15,0.166,0.171,0.122,0.109,0.34,0.252,0.277,0.131,0.125,0.191,0.064,0.138,0.178,0.112,0.15,18.772727272727273
203468,CJ McCollum,CJ,1610612740,NOP,33.0,56,17,39,0.304,1832.0,0.266,0.273,0.288,0.357,0.348,0.201,0.211,0.095,0.141,0.129,0.225,0.199,0.143,0.108,0.193,0.172,0.201,0.272,32.714285714285715
1641722,Jordan Hawkins,Jordan,1610612740,NOP,23.0,56,18,38,0.321,1321.0,0.204,0.193,0.226,0.326,0.327,0.166,0.155,0.077,0.156,0.134,0.096,0.148,0.136,0.148,0.184,0.106,0.14,0.204,23.589285714285715
1630631,Jose Alvarado,Jose,1610612740,NOP,27.0,56,19,37,0.339,1366.0,0.193,0.18,0.207,0.314,0.306,0.128,0.118,0.082,0.12,0.11,0.345,0.205,0.322,0.093,0.16,0.173,0.142,0.188,24.392857142857142
1630530,Trey Murphy III,Trey,1610612740,NOP,25.0,53,14,39,0.264,1854.0,0.229,0.242,0.241,0.342,0.324,0.3,0.264,0.102,0.182,0.16,0.189,0.184,0.173,0.188,0.155,0.162,0.276,0.262,34.9811320754717
1641810,Antonio Reeves,Antonio,1610612740,NOP,24.0,44,6,38,0.136,660.0,0.183,0.204,0.204,0.309,0.275,0.13,0.117,0.111,0.107,0.108,0.105,0.14,0.179,0.065,0.184,0.163,0.087,0.205,15.0
203482,Kelly Olynyk,Kelly,1610612740,NOP,34.0,44,12,32,0.273,891.0,0.185,0.173,0.165,0.159,0.136,0.275,0.267,0.278,0.241,0.251,0.247,0.259,0.206,0.247,0.14,0.333,0.278,0.187,20.25
1630527,Brandon Boston,Brandon,1610612740,NOP,23.0,42,8,34,0.19,993.0,0.199,0.201,0.206,0.183,0.189,0.209,0.206,0.113,0.173,0.156,0.182,0.174,0.252,0.099,0.226,0.188,0.183,0.2,23.642857142857142
1631255,Karlo Matković,Karlo,1610612740,NOP,24.0,42,12,30,0.286,791.0,0.155,0.197,0.162,0.098,0.111,0.139,0.138,0.344,0.272,0.291,0.104,0.16,0.163,0.432,0.155,0.32,0.147,0.177,18.833333333333332
1628969,Mikal Bridges,Mikal,1610612752,NYK,28.0,82,51,31,0.622,3036.0,0.192,0.215,0.212,0.214,0.223,0.09,0.089,0.105,0.095,0.097,0.173,0.161,0.147,0.176,0.075,0.122,0.108,0.197,37.02439024390244
1628404,Josh Hart,Josh,1610612752,NYK,30.0,77,48,29,0.623,2897.0,0.151,0.155,0.145,0.114,0.128,0.157,0.162,0.252,0.303,0.29,0.272,0.201,0.248,0.123,0.19,0.198,0.159,0.151,37.62337662337662
1628384,OG Anunoby,OG,1610612752,NYK,27.0,74,45,29,0.608,2706.0,0.195,0.201,0.206,0.242,0.244,0.198,0.196,0.159,0.147,0.15,0.105,0.142,0.243,0.281,0.325,0.189,0.163,0.205,36.567567567567565
1626166,Cameron Payne,Cameron,1610612752,NYK,30.0,72,46,26,0.639,1090.0,0.2,0.181,0.217,0.3,0.305,0.134,0.119,0.058,0.122,0.106,0.321,0.184,0.195,0.154,0.119,0.258,0.147,0.189,15.13888888888889
1626157,Karl-Anthony Towns,Karl-Anthony,1610612752,NYK,29.0,72,46,26,0.639,2517.0,0.265,0.272,0.259,0.223,0.196,0.379,0.366,0.395,0.423,0.416,0.146,0.29,0.174,0.281,0.297,0.28,0.332,0.282,34.958333333333336
1628973,Jalen Brunson,Jalen,1610612752,NYK,28.0,65,40,25,0.615,2301.0,0.289,0.281,0.285,0.272,0.259,0.438,0.427,0.053,0.109,0.095,0.369,0.265,0.163,0.047,0.212,0.177,0.431,0.304,35.4
1630540,Miles McBride,Miles,1610612752,NYK,24.0,64,39,25,0.609,1593.0,0.162,0.156,0.181,0.244,0.248,0.101,0.098,0.126,0.108,0.112,0.213,0.104,0.221,0.113,0.199,0.184,0.12,0.159,24.890625
1630173,Precious Achiuwa,Precious,1610612752,NYK,25.0,57,36,21,0.632,1170.0,0.143,0.163,0.152,0.036,0.046,0.105,0.139,0.351,0.289,0.306,0.09,0.13,0.219,0.416,0.207,0.197,0.116,0.141,20.526315789473685
1629013,Landry Shamet,Landry,1610612752,NYK,28.0,50,30,20,0.6,762.0,0.143,0.162,0.166,0.302,0.282,0.048,0.057,0.07,0.102,0.094,0.066,0.105,0.181,0.031,0.179,0.179,0.125,0.162,15.24
1642278,Tyler Kolek,Tyler,1610612752,NYK,24.0,41,27,14,0.659,296.0,0.152,0.11,0.153,0.157,0.197,0.165,0.175,0.133,0.086,0.096,0.422,0.186,0.3,0.167,0.103,0.248,0.216,0.123,7.219512195121951
1630598,Aaron Wiggins,Aaron,1610612760,OKC,26.0,76,62,14,0.816,1744.0,0.2,0.213,0.216,0.24,0.237,0.124,0.124,0.214,0.176,0.185,0.133,0.166,0.156,0.098,0.265,0.143,0.106,0.205,22.94736842105263
1628983,Shai Gilgeous-Alexander,Shai,1610612760,OKC,26.0,76,63,13,0.829,2598.0,0.336,0.346,0.327,0.203,0.208,0.616,0.567,0.114,0.169,0.156,0.337,0.309,0.23,0.231,0.302,0.148,0.466,0.368,34.18421052631579
1630198,Isaiah Joe,Isaiah,1610612760,OKC,25.0,74,63,11,0.851,1604.0,0.166,0.173,0.19,0.357,0.334,0.081,0.08,0.117,0.136,0.131,0.129,0.095,0.155,0.051,0.131,0.161,0.158,0.184,21.675675675675677
1629652,Luguentz Dort,Luguentz,1610612760,OKC,26.0,71,57,14,0.803,2073.0,0.133,0.131,0.147,0.269,0.251,0.047,0.053,0.192,0.14,0.153,0.1,0.106,0.174,0.15,0.112,0.237,0.139,0.136,29.197183098591548
1631114,Jalen Williams,Jalen,1610612760,OKC,24.0,69,55,14,0.797,2237.0,0.27,0.271,0.271,0.205,0.209,0.303,0.312,0.125,0.201,0.183,0.28,0.27,0.21,0.168,0.246,0.173,0.283,0.268,32.42028985507246
1629026,Kenrich Williams,Kenrich,1610612760,OKC,30.0,69,58,11,0.841,1132.0,0.151,0.164,0.163,0.174,0.172,0.078,0.089,0.244,0.222,0.227,0.156,0.143,0.195,0.088,0.202,0.233,0.136,0.154,16.405797101449274
1641717,Cason Wallace,Cason,1610612760,OKC,21.0,68,55,13,0.809,1876.0,0.124,0.135,0.134,0.138,0.141,0.044,0.045,0.169,0.121,0.133,0.173,0.139,0.284,0.148,0.163,0.182,0.059,0.122,27.58823529411765
1628392,Isaiah Hartenstein,Isaiah,1610612760,OKC,27.0,57,49,8,0.86,1590.0,0.165,0.185,0.158,0.0,0.018,0.145,0.173,0.453,0.383,0.399,0.238,0.229,0.147,0.343,0.188,0.273,0.158,0.16,27.894736842105264
1627936,Alex Caruso,Alex,1610612760,OKC,31.0,54,44,10,0.815,1041.0,0.147,0.149,0.159,0.182,0.203,0.105,0.105,0.17,0.171,0.171,0.225,0.142,0.341,0.214,0.124,0.227,0.143,0.146,19.27777777777778
1641794,Dillon Jones,Dillon,1610612760,OKC,23.0,54,45,9,0.833,551.0,0.131,0.111,0.129,0.095,0.123,0.092,0.122,0.248,0.236,0.239,0.193,0.185,0.143,0.08,0.212,0.232,0.106,0.106,10.203703703703704
1641710,Anthony Black,Anthony,1610612753,ORL,21.0,78,39,39,0.5,1887.0,0.19,0.18,0.186,0.148,0.144,0.2,0.201,0.121,0.151,0.143,0.271,0.247,0.239,0.196,0.28,0.215,0.216,0.18,24.192307692307693
1641783,Tristan da Silva,Tristan,1610612753,ORL,24.0,74,35,39,0.473,1629.0,0.149,0.156,0.166,0.209,0.196,0.098,0.086,0.189,0.171,0.176,0.143,0.116,0.111,0.09,0.161,0.144,0.085,0.152,22.013513513513512
1628371,Jonathan Isaac,Jonathan,1610612753,ORL,27.0,71,35,36,0.493,1090.0,0.155,0.158,0.164,0.16,0.182,0.172,0.195,0.397,0.291,0.324,0.079,0.103,0.281,0.503,0.13,0.195,0.168,0.161,15.352112676056338
1629048,Goga Bitadze,Goga,1610612753,ORL,25.0,70,38,32,0.543,1429.0,0.142,0.177,0.134,0.009,0.029,0.174,0.212,0.48,0.329,0.371,0.194,0.166,0.186,0.49,0.185,0.252,0.205,0.16,20.414285714285715
1630217,Desmond Bane,Desmond,1610612753,ORL,27.0,69,38,31,0.551,2205.0,0.227,0.239,0.236,0.256,0.245,0.219,0.192,0.106,0.228,0.195,0.289,0.242,0.205,0.114,0.285,0.166,0.151,0.238,31.956521739130434
1628976,Wendell Carter Jr.,Wendell,1610612753,ORL,26.0,68,31,37,0.456,1758.0,0.159,0.164,0.158,0.09,0.126,0.192,0.207,0.376,0.295,0.316,0.16,0.151,0.16,0.233,0.201,0.274,0.237,0.161,25.852941176470587
1630532,Franz Wagner,Franz,1610612753,ORL,23.0,60,33,27,0.55,2023.0,0.306,0.319,0.319,0.232,0.249,0.346,0.319,0.127,0.214,0.193,0.281,0.251,0.194,0.085,0.403,0.174,0.289,0.315,33.71666666666667
1641724,Jett Howard,Jett,1610612753,ORL,21.0,60,29,31,0.483,701.0,0.181,0.185,0.207,0.291,0.312,0.063,0.069,0.117,0.114,0.115,0.134,0.155,0.108,0.113,0.079,0.216,0.066,0.178,11.683333333333334
1631216,Caleb Houstan,Caleb,1610612753,ORL,22.0,58,29,29,0.5,788.0,0.115,0.132,0.134,0.302,0.244,0.066,0.057,0.106,0.115,0.112,0.093,0.056,0.169,0.065,0.081,0.192,0.064,0.144,13.586206896551724
202709,Cory Joseph,Cory,1610612753,ORL,33.0,50,26,24,0.52,612.0,0.126,0.125,0.14,0.218,0.214,0.067,0.067,0.137,0.141,0.14,0.238,0.105,0.26,0.071,0.081,0.202,0.162,0.128,12.24
1629656,Quentin Grimes,Quentin,1610612755,PHI,25.0,75,29,46,0.387,2013.0,0.218,0.225,0.223,0.297,0.274,0.213,0.216,0.129,0.203,0.184,0.227,0.242,0.228,0.099,0.155,0.176,0.217,0.231,26.84
1641741,Ricky Council IV,Ricky,1610612755,PHI,23.0,73,16,57,0.219,1250.0,0.196,0.173,0.205,0.178,0.222,0.244,0.236,0.19,0.209,0.204,0.163,0.159,0.151,0.1,0.203,0.14,0.23,0.186,17.123287671232877
1627824,Guerschon Yabusele,Guerschon,1610612755,PHI,29.0,70,23,47,0.329,1895.0,0.163,0.179,0.166,0.187,0.181,0.154,0.163,0.35,0.238,0.267,0.154,0.172,0.161,0.163,0.147,0.22,0.187,0.176,27.071428571428573
1630215,Jared Butler,Jared,1610612755,PHI,24.0,60,6,54,0.1,1044.0,0.222,0.226,0.229,0.23,0.213,0.205,0.188,0.108,0.12,0.117,0.403,0.263,0.222,0.101,0.288,0.229,0.19,0.223,17.4
1626162,Kelly Oubre Jr.,Kelly,1610612755,PHI,29.0,60,21,39,0.35,2078.0,0.186,0.203,0.198,0.133,0.156,0.184,0.193,0.226,0.219,0.221,0.109,0.139,0.214,0.168,0.299,0.214,0.205,0.192,34.63333333333333
1641737,Adem Bona,Adem,1610612755,PHI,22.0,58,12,46,0.207,905.0,0.135,0.179,0.116,0.0,0.002,0.206,0.236,0.428,0.258,0.304,0.065,0.22,0.166,0.6,0.144,0.35,0.261,0.165,15.60344827586207
1630178,Tyrese Maxey,Tyrese,1610612755,PHI,24.0,52,20,32,0.385,1960.0,0.293,0.294,0.308,0.291,0.315,0.327,0.296,0.038,0.138,0.112,0.337,0.242,0.228,0.13,0.293,0.149,0.277,0.299,37.69230769230769
1642348,Justin Edwards,Justin,1610612755,PHI,21.0,44,11,33,0.25,1155.0,0.165,0.174,0.177,0.21,0.209,0.088,0.099,0.188,0.157,0.166,0.112,0.155,0.216,0.157,0.197,0.214,0.093,0.167,26.25
1630288,Jeff Dowtin Jr.,Jeff,1610612755,PHI,28.0,41,10,31,0.244,621.0,0.176,0.22,0.201,0.181,0.145,0.153,0.153,0.076,0.128,0.112,0.292,0.088,0.233,0.185,0.207,0.124,0.159,0.205,15.146341463414634
202331,Paul George,Paul,1610612755,PHI,35.0,41,15,26,0.366,1334.0,0.233,0.23,0.241,0.266,0.265,0.16,0.161,0.093,0.232,0.199,0.282,0.27,0.256,0.189,0.147,0.197,0.214,0.223,32.53658536585366
1626145,Tyus Jones,Tyus,1610612756,PHX,29.0,81,36,45,0.444,2174.0,0.16,0.165,0.175,0.239,0.224,0.073,0.066,0.099,0.105,0.104,0.334,0.146,0.216,0.039,0.139,0.08,0.093,0.162,26.839506172839506
1626164,Devin Booker,Devin,1610612756,PHX,28.0,75,35,40,0.467,2795.0,0.285,0.271,0.282,0.216,0.245,0.45,0.414,0.135,0.122,0.125,0.323,0.28,0.168,0.061,0.268,0.186,0.38,0.29,37.266666666666666
1626220,Royce O'Neale,Royce,1610612756,PHX,32.0,75,33,42,0.44,1837.0,0.151,0.159,0.175,0.308,0.291,0.027,0.03,0.155,0.241,0.222,0.159,0.129,0.231,0.185,0.119,0.216,0.042,0.158,24.493333333333332
203486,Mason Plumlee,Mason,1610612756,PHX,35.0,74,33,41,0.446,1300.0,0.105,0.11,0.087,0.0,0.004,0.177,0.217,0.45,0.386,0.401,0.169,0.158,0.159,0.362,0.232,0.34,0.213,0.106,17.56756756756757
1642346,Ryan Dunn,Ryan,1610612756,PHX,22.0,74,32,42,0.432,1410.0,0.161,0.174,0.186,0.209,0.237,0.043,0.07,0.259,0.179,0.2,0.073,0.107,0.201,0.256,0.167,0.297,0.057,0.161,19.054054054054053
1628960,Grayson Allen,Grayson,1610612756,PHX,29.0,64,29,35,0.453,1544.0,0.169,0.166,0.18,0.314,0.282,0.148,0.148,0.114,0.157,0.147,0.154,0.165,0.24,0.125,0.135,0.167,0.166,0.182,24.125
201142,Kevin Durant,Kevin,1610612756,PHX,36.0,62,33,29,0.532,2265.0,0.283,0.298,0.284,0.243,0.228,0.364,0.355,0.06,0.22,0.189,0.196,0.275,0.158,0.339,0.182,0.121,0.364,0.301,36.53225806451613
1642345,Oso Ighodaro,Oso,1610612756,PHX,22.0,61,25,36,0.41,1046.0,0.103,0.131,0.1,0.0,0.002,0.084,0.117,0.319,0.224,0.246,0.124,0.132,0.153,0.261,0.174,0.266,0.128,0.108,17.147540983606557
1630208,Nick Richards,Nick,1610612756,PHX,27.0,57,17,40,0.298,1256.0,0.169,0.194,0.154,0.0,0.002,0.285,0.308,0.473,0.35,0.382,0.075,0.195,0.099,0.437,0.429,0.304,0.249,0.183,22.035087719298247
203078,Bradley Beal,Bradley,1610612756,PHX,32.0,53,22,31,0.415,1702.0,0.219,0.239,0.234,0.218,0.21,0.192,0.192,0.123,0.124,0.124,0.204,0.19,0.216,0.158,0.181,0.206,0.181,0.23,32.113207547169814
1641739,Toumani Camara,Toumani,1610612757,POR,25.0,78,33,45,0.423,2548.0,0.143,0.152,0.151,0.195,0.181,0.104,0.112,0.246,0.169,0.192,0.135,0.129,0.265,0.187,0.109,0.234,0.212,0.15,32.666666666666664
1630166,Deni Avdija,Deni,1610612757,POR,24.0,72,33,39,0.458,2161.0,0.228,0.217,0.209,0.209,0.202,0.372,0.367,0.182,0.29,0.258,0.255,0.284,0.204,0.15,0.272,0.206,0.336,0.24,30.01388888888889
1631101,Shaedon Sharpe,Shaedon,1610612757,POR,22.0,72,32,40,0.444,2252.0,0.25,0.259,0.263,0.244,0.266,0.251,0.245,0.118,0.176,0.159,0.18,0.209,0.164,0.066,0.217,0.137,0.215,0.256,31.27777777777778
1629014,Anfernee Simons,Anfernee,1610612757,POR,26.0,70,28,42,0.4,2292.0,0.241,0.255,0.262,0.333,0.316,0.226,0.193,0.041,0.108,0.089,0.309,0.203,0.161,0.02,0.253,0.132,0.159,0.26,32.74285714285714
1631200,Kris Murray,Kris,1610612757,POR,24.0,69,31,38,0.449,1040.0,0.133,0.134,0.143,0.106,0.156,0.073,0.113,0.251,0.155,0.185,0.14,0.115,0.167,0.16,0.142,0.148,0.099,0.122,15.072463768115941
1630625,Dalano Banton,Dalano,1610612757,POR,25.0,67,28,39,0.418,1120.0,0.237,0.208,0.243,0.241,0.251,0.23,0.235,0.098,0.146,0.131,0.28,0.238,0.244,0.234,0.246,0.131,0.209,0.215,16.71641791044776
1642270,Donovan Clingan,Donovan,1610612757,POR,21.0,67,29,38,0.433,1324.0,0.135,0.16,0.131,0.038,0.046,0.135,0.161,0.505,0.329,0.384,0.116,0.161,0.156,0.651,0.148,0.357,0.177,0.142,19.761194029850746
1630703,Scoot Henderson,Scoot,1610612757,POR,21.0,66,30,36,0.455,1759.0,0.22,0.19,0.208,0.221,0.221,0.236,0.24,0.101,0.131,0.122,0.372,0.293,0.217,0.072,0.22,0.245,0.256,0.201,26.651515151515152
1631133,Jabari Walker,Jabari,1610612757,POR,22.0,60,23,37,0.383,749.0,0.156,0.186,0.163,0.141,0.127,0.171,0.187,0.303,0.33,0.322,0.105,0.132,0.221,0.077,0.279,0.258,0.196,0.178,12.483333333333333
1641712,Rayan Rupert,Rayan,1610612757,POR,21.0,52,23,29,0.442,460.0,0.156,0.161,0.168,0.163,0.174,0.12,0.114,0.182,0.156,0.165,0.119,0.165,0.195,0.121,0.217,0.216,0.113,0.153,8.846153846153847
202685,Jonas Valančiūnas,Jonas,1610612758,SAC,33.0,81,23,58,0.284,1524.0,0.222,0.264,0.223,0.021,0.035,0.275,0.259,0.523,0.413,0.442,0.203,0.239,0.176,0.351,0.244,0.29,0.282,0.24,18.814814814814813
1631165,Keon Ellis,Keon,1610612758,SAC,25.0,80,39,41,0.488,1948.0,0.125,0.132,0.13,0.264,0.219,0.109,0.102,0.137,0.116,0.121,0.112,0.136,0.364,0.332,0.085,0.232,0.128,0.143,24.35
201942,DeMar DeRozan,DeMar,1610612758,SAC,35.0,77,38,39,0.494,2768.0,0.244,0.249,0.253,0.122,0.134,0.375,0.361,0.081,0.131,0.119,0.227,0.148,0.146,0.134,0.225,0.143,0.297,0.255,35.94805194805195
1631099,Keegan Murray,Keegan,1610612758,SAC,24.0,76,36,40,0.474,2610.0,0.148,0.156,0.169,0.233,0.242,0.066,0.064,0.266,0.194,0.21,0.075,0.085,0.158,0.295,0.118,0.183,0.081,0.151,34.3421052631579
203897,Zach LaVine,Zach,1610612758,SAC,30.0,74,32,42,0.432,2602.0,0.251,0.264,0.252,0.301,0.263,0.29,0.284,0.043,0.155,0.131,0.206,0.27,0.156,0.054,0.208,0.131,0.256,0.272,35.16216216216216
1627734,Domantas Sabonis,Domantas,1610612758,SAC,29.0,70,36,34,0.514,2429.0,0.213,0.238,0.197,0.107,0.091,0.252,0.276,0.494,0.415,0.434,0.304,0.299,0.125,0.129,0.278,0.247,0.302,0.227,34.7
1626168,Trey Lyles,Trey,1610612758,SAC,29.0,69,34,35,0.493,1350.0,0.139,0.138,0.149,0.215,0.221,0.115,0.129,0.237,0.268,0.259,0.123,0.109,0.177,0.178,0.115,0.169,0.145,0.144,19.565217391304348
1631222,Jake LaRavia,Jake,1610612758,SAC,23.0,66,40,26,0.606,1349.0,0.14,0.132,0.133,0.145,0.134,0.148,0.162,0.245,0.185,0.202,0.197,0.188,0.247,0.144,0.172,0.227,0.153,0.136,20.439393939393938
1628370,Malik Monk,Malik,1610612758,SAC,27.0,65,36,29,0.554,2054.0,0.236,0.219,0.241,0.262,0.287,0.196,0.188,0.06,0.154,0.129,0.31,0.277,0.186,0.204,0.276,0.194,0.186,0.22,31.6
203926,Doug McDermott,Doug,1610612758,SAC,33.0,42,21,21,0.5,342.0,0.15,0.167,0.183,0.396,0.37,0.03,0.04,0.038,0.078,0.068,0.037,0.064,0.091,0.067,0.103,0.208,0.025,0.181,8.142857142857142
101108,Chris Paul,Chris,1610612759,SAS,40.0,82,34,48,0.415,2292.0,0.137,0.123,0.136,0.196,0.187,0.113,0.098,0.07,0.167,0.144,0.429,0.206,0.268,0.083,0.049,0.199,0.105,0.131,27.951219512195124
203084,Harrison Barnes,Harrison,1610612759,SAS,33.0,82,34,48,0.415,2230.0,0.157,0.177,0.164,0.227,0.191,0.218,0.21,0.196,0.139,0.153,0.102,0.082,0.108,0.056,0.158,0.105,0.182,0.189,27.195121951219512
1630577,Julian Champagnie,Julian,1610612759,SAS,24.0,82,34,48,0.415,1932.0,0.164,0.163,0.181,0.301,0.289,0.129,0.115,0.151,0.189,0.18,0.094,0.136,0.183,0.144,0.166,0.167,0.08,0.176,23.5609756097561
1642264,Stephon Castle,Stephon,1610612759,SAS,20.0,81,33,48,0.407,2162.0,0.253,0.227,0.246,0.152,0.189,0.323,0.341,0.176,0.145,0.153,0.268,0.288,0.197,0.091,0.322,0.21,0.324,0.232,26.691358024691358
1629640,Keldon Johnson,Keldon,1610612759,SAS,25.0,77,31,46,0.403,1838.0,0.207,0.237,0.222,0.177,0.191,0.22,0.225,0.243,0.217,0.225,0.12,0.144,0.144,0.107,0.191,0.165,0.204,0.227,23.87012987012987
1630170,Devin Vassell,Devin,1610612759,SAS,24.0,64,24,40,0.375,1983.0,0.217,0.23,0.24,0.276,0.268,0.145,0.14,0.076,0.169,0.145,0.161,0.155,0.243,0.147,0.18,0.157,0.141,0.223,30.984375
1628368,De'Aaron Fox,De'Aaron,1610612759,SAS,27.0,62,27,35,0.435,2241.0,0.274,0.265,0.273,0.209,0.227,0.335,0.319,0.111,0.161,0.149,0.309,0.302,0.251,0.124,0.28,0.19,0.307,0.269,36.145161290322584
1630572,Sandro Mamukelashvili,Sandro,1610612759,SAS,26.0,61,23,38,0.377,681.0,0.202,0.241,0.223,0.278,0.267,0.19,0.188,0.358,0.277,0.3,0.12,0.124,0.18,0.283,0.143,0.255,0.171,0.239,11.163934426229508
1631104,Blake Wesley,Blake,1610612759,SAS,22.0,58,23,35,0.397,683.0,0.165,0.138,0.151,0.085,0.108,0.177,0.205,0.11,0.095,0.099,0.278,0.241,0.316,0.092,0.191,0.199,0.223,0.136,11.775862068965518
1631110,Jeremy Sochan,Jeremy,1610612759,SAS,22.0,54,21,33,0.389,1364.0,0.184,0.213,0.184,0.076,0.085,0.174,0.195,0.368,0.241,0.275,0.158,0.204,0.184,0.164,0.348,0.267,0.204,0.191,25.25925925925926
1642347,Jamal Shead,Jamal,1610612761,TOR,22.0,75,28,47,0.373,1467.0,0.179,0.165,0.182,0.194,0.21,0.116,0.11,0.077,0.091,0.087,0.367,0.254,0.224,0.078,0.165,0.237,0.178,0.162,19.56
1630567,Scottie Barnes,Scottie,1610612761,TOR,23.0,65,26,39,0.4,2134.0,0.262,0.259,0.264,0.151,0.187,0.314,0.316,0.197,0.266,0.248,0.305,0.278,0.262,0.32,0.168,0.125,0.299,0.256,32.83076923076923
1630534,Ochai Agbaji,Ochai,1610612761,TOR,25.0,64,19,45,0.297,1739.0,0.144,0.179,0.166,0.248,0.211,0.061,0.064,0.155,0.149,0.15,0.095,0.095,0.209,0.196,0.166,0.161,0.074,0.17,27.171875
1642367,Jonathan Mogbo,Jonathan,1610612761,TOR,23.0,63,18,45,0.286,1286.0,0.145,0.146,0.147,0.054,0.073,0.153,0.157,0.311,0.247,0.266,0.198,0.162,0.242,0.309,0.197,0.23,0.155,0.137,20.41269841269841
1642419,Jamison Battle,Jamison,1610612761,TOR,24.0,59,21,38,0.356,1042.0,0.147,0.17,0.175,0.355,0.315,0.056,0.046,0.128,0.18,0.164,0.086,0.076,0.104,0.128,0.112,0.195,0.069,0.18,17.661016949152543
1629628,RJ Barrett,RJ,1610612761,TOR,25.0,58,23,35,0.397,1869.0,0.281,0.273,0.279,0.242,0.252,0.333,0.376,0.135,0.239,0.212,0.275,0.277,0.156,0.115,0.355,0.17,0.33,0.278,32.224137931034484
1627751,Jakob Poeltl,Jakob,1610612761,TOR,29.0,57,21,36,0.368,1686.0,0.184,0.238,0.184,0.003,0.003,0.186,0.204,0.462,0.304,0.345,0.151,0.203,0.228,0.428,0.168,0.25,0.209,0.208,29.57894736842105
1641711,Gradey Dick,Gradey,1610612761,TOR,21.0,54,15,39,0.278,1587.0,0.209,0.19,0.218,0.295,0.302,0.261,0.231,0.117,0.142,0.135,0.101,0.164,0.198,0.068,0.176,0.168,0.213,0.211,29.38888888888889
1642266,Ja'Kobe Walter,Ja'Kobe,1610612761,TOR,20.0,52,19,33,0.365,1103.0,0.179,0.171,0.19,0.226,0.233,0.178,0.174,0.201,0.142,0.16,0.127,0.148,0.218,0.097,0.298,0.192,0.173,0.178,21.21153846153846
1628449,Chris Boucher,Chris,1610612761,TOR,32.0,50,18,32,0.36,862.0,0.208,0.24,0.227,0.314,0.308,0.236,0.231,0.282,0.279,0.28,0.063,0.115,0.173,0.325,0.183,0.177,0.211,0.248,17.24
1642271,Kyle Filipowski,Kyle,1610612762,UTA,21.0,72,13,59,0.181,1522.0,0.184,0.206,0.186,0.173,0.171,0.177,0.207,0.333,0.334,0.334,0.169,0.193,0.211,0.204,0.2,0.278,0.205,0.197,21.13888888888889
1641729,Brice Sensabaugh,Brice,1610612762,UTA,21.0,71,14,57,0.197,1432.0,0.208,0.226,0.224,0.354,0.3,0.128,0.113,0.128,0.175,0.163,0.139,0.211,0.218,0.063,0.141,0.193,0.097,0.228,20.169014084507044
1642268,Isaiah Collier,Isaiah,1610612762,UTA,20.0,71,14,57,0.197,1839.0,0.186,0.152,0.165,0.081,0.113,0.161,0.18,0.077,0.161,0.14,0.461,0.323,0.25,0.096,0.225,0.2,0.19,0.145,25.901408450704224
1641718,Keyonte George,Keyonte,1610612762,UTA,21.0,67,13,54,0.194,2108.0,0.237,0.206,0.24,0.292,0.292,0.285,0.274,0.048,0.162,0.13,0.344,0.244,0.161,0.046,0.249,0.136,0.266,0.229,31.46268656716418
1630548,Johnny Juzang,Johnny,1610612762,UTA,24.0,64,15,49,0.234,1270.0,0.174,0.194,0.204,0.306,0.282,0.11,0.101,0.155,0.168,0.165,0.102,0.08,0.211,0.095,0.1,0.247,0.09,0.197,19.84375
1629012,Collin Sexton,Collin,1610612762,UTA,26.0,63,14,49,0.222,1758.0,0.264,0.279,0.269,0.217,0.196,0.356,0.319,0.128,0.091,0.101,0.282,0.252,0.211,0.034,0.299,0.209,0.305,0.283,27.904761904761905
1631117,Walker Kessler,Walker,1610612762,UTA,23.0,58,14,44,0.241,1740.0,0.133,0.192,0.131,0.012,0.024,0.13,0.192,0.527,0.346,0.397,0.106,0.132,0.176,0.687,0.182,0.209,0.188,0.161,30.0
1642262,Cody Williams,Cody,1610612762,UTA,20.0,50,9,41,0.18,1060.0,0.122,0.098,0.133,0.124,0.158,0.076,0.08,0.113,0.114,0.113,0.111,0.118,0.161,0.162,0.118,0.226,0.076,0.098,21.2
1628374,Lauri Markkanen,Lauri,1610612762,UTA,28.0,47,9,38,0.191,1476.0,0.231,0.237,0.256,0.313,0.321,0.296,0.26,0.173,0.196,0.189,0.089,0.125,0.173,0.12,0.207,0.134,0.267,0.256,31.404255319148938
1630531,Jaden Springer,Jaden,1610612762,UTA,22.0,43,22,21,0.512,365.0,0.139,0.122,0.138,0.109,0.155,0.197,0.222,0.179,0.163,0.168,0.191,0.122,0.308,0.148,0.098,0.276,0.25,0.132,8.488372093023257
1642267,Bub Carrington,Bub,1610612764,WAS,19.0,82,18,64,0.22,2458.0,0.154,0.149,0.163,0.203,0.2,0.094,0.09,0.064,0.181,0.154,0.282,0.174,0.146,0.079,0.09,0.189,0.131,0.149,29.975609756097562
1629673,Jordan Poole,Jordan,1610612764,WAS,26.0,68,15,53,0.221,2001.0,0.281,0.277,0.279,0.403,0.358,0.364,0.326,0.074,0.124,0.113,0.29,0.31,0.246,0.119,0.327,0.235,0.364,0.306,29.426470588235293
1642273,Kyshawn George,Kyshawn,1610612764,WAS,21.0,68,15,53,0.221,1802.0,0.156,0.138,0.163,0.22,0.237,0.114,0.123,0.129,0.188,0.174,0.175,0.166,0.239,0.248,0.182,0.261,0.138,0.145,26.5
1642259,Alex Sarr,Alex,1610612764,WAS,20.0,67,13,54,0.194,1814.0,0.23,0.22,0.239,0.195,0.211,0.207,0.235,0.334,0.246,0.266,0.17,0.2,0.14,0.474,0.207,0.202,0.204,0.215,27.074626865671643
1630551,Justin Champagnie,Justin,1610612764,WAS,24.0,62,16,46,0.258,1341.0,0.15,0.188,0.164,0.186,0.17,0.113,0.13,0.347,0.257,0.28,0.085,0.124,0.33,0.281,0.16,0.201,0.107,0.177,21.629032258064516
1630557,Corey Kispert,Corey,1610612764,WAS,26.0,61,14,47,0.23,1602.0,0.169,0.189,0.19,0.263,0.259,0.132,0.126,0.101,0.13,0.123,0.117,0.116,0.115,0.09,0.193,0.144,0.097,0.189,26.262295081967213
1641731,Bilal Coulibaly,Bilal,1610612764,WAS,20.0,59,13,46,0.22,1948.0,0.175,0.166,0.172,0.116,0.139,0.212,0.22,0.225,0.151,0.168,0.195,0.191,0.24,0.186,0.229,0.169,0.189,0.166,33.016949152542374
1630264,Anthony Gill,Anthony,1610612764,WAS,32.0,51,7,44,0.137,398.0,0.124,0.137,0.123,0.115,0.109,0.243,0.272,0.198,0.184,0.188,0.083,0.08,0.136,0.059,0.128,0.203,0.237,0.152,7.803921568627451
1641732,Colby Jones,Colby,1610612764,WAS,23.0,39,12,27,0.308,515.0,0.138,0.141,0.137,0.124,0.127,0.153,0.169,0.169,0.198,0.19,0.169,0.156,0.321,0.213,0.169,0.19,0.194,0.141,13.205128205128204
203114,Khris Middleton,Khris,1610612764,WAS,33.0,37,18,19,0.486,843.0,0.208,0.211,0.214,0.192,0.202,0.211,0.186,0.082,0.197,0.174,0.318,0.238,0.235,0.1,0.176,0.223,0.193,0.209,22.783783783783782
